{
    "major": {
        "problem": "Ibrahimbegovich_big",
        "elements_count": 10
    },
    "minor": {
        "total_length": 10,
        "EI": 100,
        "GJ": 100
    },
    "state": {
        "percent": 50,
        "i": 105
    },
    "geometry": {
        "state": "start",
        "doing_final_guess": true,
        "elements": [
            {
                "p": [
                    0.0,
                    0.0,
                    0.0
                ],
                "s": 1.0,
                "K0": 0,
                "T0": 0,
                "K": 2.389426910146037,
                "T": -0.12778307180658277,
                "mat": [
                    [
                        1.0,
                        0.0,
                        0.0
                    ],
                    [
                        0.0,
                        1.0,
                        0.0
                    ],
                    [
                        0.0,
                        0.0,
                        1.0
                    ]
                ],
                "nat": [
                    [
                        1.0,
                        0.0,
                        0.0
                    ],
                    [
                        -0.0,
                        0.9998464646924038,
                        0.017522757833791737
                    ],
                    [
                        0.0,
                        -0.017522757833791737,
                        0.9998464646924038
                    ]
                ],
                "EI": 100,
                "GJ": 100
            },
            {
                "p": [
                    0.2865243187465061,
                    0.7235755425368549,
                    -0.025480513662766716
                ],
                "s": 1.0,
                "K0": 0,
                "T0": 0,
                "K": 2.3797128055402488,
                "T": -0.21249444314598737,
                "mat": [
                    [
                        -0.727598568405704,
                        0.6812678246056676,
                        -0.08046411877993488
                    ],
                    [
                        -0.6780299884846558,
                        -0.7320089679396177,
                        -0.06661985868698059
                    ],
                    [
                        -0.1042864227474872,
                        0.006084571721749844,
                        0.9945286924053499
                    ]
                ],
                "nat": [
                    [
                        -0.727598568405704,
                        0.6812678246056676,
                        -0.08046411877993488
                    ],
                    [
                        -0.6831561656756766,
                        -0.7302523944463972,
                        -0.005393858045119999
                    ],
                    [
                        -0.06243377734269745,
                        0.05104499546835962,
                        0.9967429116298533
                    ]
                ],
                "EI": 100,
                "GJ": 100
            },
            {
                "p": [
                    -0.41448182077483997,
                    0.39237298867810627,
                    -0.11588334858708736
                ],
                "s": 1.0,
                "K0": 0,
                "T0": 0,
                "K": 2.3732187436426737,
                "T": -0.28081324868578394,
                "mat": [
                    [
                        0.06576999216417508,
                        -0.9929322482773231,
                        -0.09879199593927004
                    ],
                    [
                        0.9953978952605604,
                        0.07220219885990753,
                        -0.0630069249419497
                    ],
                    [
                        0.069694606976225,
                        -0.09419337986681846,
                        0.993111408124836
                    ]
                ],
                "nat": [
                    [
                        0.06576999216417508,
                        -0.9929322482773231,
                        -0.09879199593927004
                    ],
                    [
                        0.9977929305147055,
                        0.06453702523186376,
                        0.015628185726358837
                    ],
                    [
                        -0.00914198805513021,
                        -0.09960182079240405,
                        0.9949853774549843
                    ]
                ],
                "EI": 100,
                "GJ": 100
            },
            {
                "p": [
                    0.32322664965368786,
                    0.15352237927227622,
                    -0.21677808146533534
                ],
                "s": 1.0,
                "K0": 0,
                "T0": 0,
                "K": 2.3661702038136907,
                "T": -0.3339739211022046,
                "mat": [
                    [
                        0.632115295617257,
                        0.7654451468247687,
                        -0.12051547721813813
                    ],
                    [
                        -0.7748671485348638,
                        0.6237471090938972,
                        -0.10256922549407564
                    ],
                    [
                        -0.003339935352130466,
                        0.1582190604807578,
                        0.9873983865352575
                    ]
                ],
                "nat": [
                    [
                        0.632115295617257,
                        0.7654451468247687,
                        -0.12051547721813813
                    ],
                    [
                        -0.7717813996296345,
                        0.6358132315572808,
                        -0.009747089945694218
                    ],
                    [
                        0.0691644723281361,
                        0.09917288832687851,
                        0.9926635955793256
                    ]
                ],
                "EI": 100,
                "GJ": 100
            },
            {
                "p": [
                    -0.04746798786764528,
                    0.8290812970374927,
                    -0.35800218831775565
                ],
                "s": 1.0,
                "K0": 0,
                "T0": 0,
                "K": 2.3574719210213946,
                "T": -0.3872422330120315,
                "mat": [
                    [
                        -0.9788728154034234,
                        -0.12686840752842934,
                        -0.16035092277681165
                    ],
                    [
                        0.14375097662173825,
                        -0.984705016458262,
                        -0.09844636754207685
                    ],
                    [
                        -0.1454086241750161,
                        -0.11941707471351655,
                        0.9821384292870304
                    ]
                ],
                "nat": [
                    [
                        -0.9788728154034234,
                        -0.12686840752842934,
                        -0.16035092277681165
                    ],
                    [
                        0.12827599932243028,
                        -0.9917372405025091,
                        0.0015854962313568144
                    ],
                    [
                        -0.1592271310487207,
                        -0.01901717570166958,
                        0.9870587965092683
                    ]
                ],
                "EI": 100,